АБСОЛЮТИЗИРОВАТЬ	4121-V
АБСОЛЮТИЗИРОВАТЬ	923-V
АБСОЛЮТИЗИРОВАТЬ	123368-V
АБСОЛЮТИЗИРОВАТЬ	121354-V
АБСОЛЮТИЗИРОВАТЬ	115650-V
АБСОЛЮТИЗИРОВАТЬ	141311-V
АБСОЛЮТИЗИРОВАТЬ	148304-V
АБСОЛЮТИЗИРОВАТЬ	141317-V
АБСОЛЮТИЗИРОВАТЬ	9784-V
АБСОЛЮТИЗИРОВАТЬ	140473-V
АКТИВИРОВАТЬ	135451-V
АКТИВИРОВАТЬ	140941-V
АКТИВИРОВАТЬ	146668-V
АКТИВИРОВАТЬ	120640-V
АКТИВИРОВАТЬ	142663-V
АКТИВИРОВАТЬ	120255-V
АКТИВИРОВАТЬ	3289-V
АКТИВИРОВАТЬ	139745-V
АКТИВИРОВАТЬ	144462-V
АКТИВИРОВАТЬ	106721-V
АМЕРИКАНИЗИРОВАТЬ	111601-V
АМЕРИКАНИЗИРОВАТЬ	106679-V
АМЕРИКАНИЗИРОВАТЬ	121502-V
АМЕРИКАНИЗИРОВАТЬ	118549-V
АМЕРИКАНИЗИРОВАТЬ	115820-V
АМЕРИКАНИЗИРОВАТЬ	111611-V
АМЕРИКАНИЗИРОВАТЬ	1754-V
АМЕРИКАНИЗИРОВАТЬ	128788-V
АМЕРИКАНИЗИРОВАТЬ	118422-V
АМЕРИКАНИЗИРОВАТЬ	148404-V
АНОДИРОВАТЬ	123821-V
АНОДИРОВАТЬ	147034-V
АНОДИРОВАТЬ	124123-V
АНОДИРОВАТЬ	141743-V
АНОДИРОВАТЬ	129122-V
АНОДИРОВАТЬ	5300-V
АНОДИРОВАТЬ	133044-V
АНОДИРОВАТЬ	132722-V
АНОДИРОВАТЬ	107199-V
АНОДИРОВАТЬ	117306-V
БИНТОВАТЬ	131616-V
БИНТОВАТЬ	107104-V
БИНТОВАТЬ	120124-V
БИНТОВАТЬ	115869-V
БИНТОВАТЬ	115598-V
БИНТОВАТЬ	115692-V
БИНТОВАТЬ	120772-V
БИНТОВАТЬ	141484-V
БИНТОВАТЬ	130519-V
БИНТОВАТЬ	112995-V
БОДРИТЬСЯ	113462-V
БОДРИТЬСЯ	123589-V
БОДРИТЬСЯ	121636-V
БОДРИТЬСЯ	120481-V
БОДРИТЬСЯ	138571-V
БОДРИТЬСЯ	106902-V
БОДРИТЬСЯ	129576-V
БОДРИТЬСЯ	142101-V
БОДРИТЬСЯ	118173-V
БОДРИТЬСЯ	106635-V
БУРЕТЬ	322-V
БУРЕТЬ	118420-V
БУРЕТЬ	119595-V
БУРЕТЬ	143932-V
БУРЕТЬ	125600-V
БУРЕТЬ	141477-V
БУРЕТЬ	115613-V
БУРЕТЬ	120042-V
БУРЕТЬ	127423-V
БУРЕТЬ	120460-V
ВБУХИВАТЬ	152244-V
ВБУХИВАТЬ	127040-V
ВБУХИВАТЬ	5704-V
ВБУХИВАТЬ	118963-V
ВБУХИВАТЬ	141143-V
ВБУХИВАТЬ	129757-V
ВБУХИВАТЬ	137261-V
ВБУХИВАТЬ	134582-V
ВБУХИВАТЬ	8512-V
ВБУХИВАТЬ	107316-V
ВЕРЕЩАТЬ	131407-V
ВЕРЕЩАТЬ	116743-V
ВЕРЕЩАТЬ	111739-V
ВЕРЕЩАТЬ	146984-V
ВЕРЕЩАТЬ	146625-V
ВЕРЕЩАТЬ	145451-V
ВЕРЕЩАТЬ	118689-V
ВЕРЕЩАТЬ	137152-V
ВЕРЕЩАТЬ	111601-V
ВЕРЕЩАТЬ	112242-V
ВЗЪЕРОШИТЬ	131680-V
ВЗЪЕРОШИТЬ	107696-V
ВЗЪЕРОШИТЬ	150229-V
ВЗЪЕРОШИТЬ	110440-V
ВЗЪЕРОШИТЬ	146476-V
ВЗЪЕРОШИТЬ	141429-V
ВЗЪЕРОШИТЬ	131971-V
ВЗЪЕРОШИТЬ	107444-V
ВЗЪЕРОШИТЬ	114041-V
ВЗЪЕРОШИТЬ	137223-V
ВКРУТИТЬ	149653-V
ВКРУТИТЬ	112776-V
ВКРУТИТЬ	114502-V
ВКРУТИТЬ	106702-V
ВКРУТИТЬ	116741-V
ВКРУТИТЬ	117794-V
ВКРУТИТЬ	110792-V
ВКРУТИТЬ	113977-V
ВКРУТИТЬ	149805-V
ВКРУТИТЬ	117346-V
ВПАЯТЬ	154126-V
ВПАЯТЬ	121499-V
ВПАЯТЬ	4167-V
ВПАЯТЬ	133516-V
ВПАЯТЬ	114774-V
ВПАЯТЬ	120771-V
ВПАЯТЬ	127243-V
ВПАЯТЬ	150075-V
ВПАЯТЬ	120410-V
ВПАЯТЬ	127043-V
ВПРАВИТЬ	121545-V
ВПРАВИТЬ	107373-V
ВПРАВИТЬ	2273-V
ВПРАВИТЬ	149916-V
ВПРАВИТЬ	7616-V
ВПРАВИТЬ	123845-V
ВПРАВИТЬ	120165-V
ВПРАВИТЬ	146789-V
ВПРАВИТЬ	133288-V
ВПРАВИТЬ	121418-V
ВРЫТЬ	110916-V
ВРЫТЬ	123862-V
ВРЫТЬ	115883-V
ВРЫТЬ	4255-V
ВРЫТЬ	115076-V
ВРЫТЬ	116856-V
ВРЫТЬ	111929-V
ВРЫТЬ	107694-V
ВРЫТЬ	137863-V
ВРЫТЬ	137717-V
ВСКРУЖИТЬ	119151-V
ВСКРУЖИТЬ	119526-V
ВСКРУЖИТЬ	122087-V
ВСКРУЖИТЬ	6961-V
ВСКРУЖИТЬ	112184-V
ВСКРУЖИТЬ	134447-V
ВСКРУЖИТЬ	120849-V
ВСКРУЖИТЬ	120265-V
ВСКРУЖИТЬ	151533-V
ВСКРУЖИТЬ	110833-V
ВСХЛИПЫВАТЬ	155113-V
ВСХЛИПЫВАТЬ	1848-V
ВСХЛИПЫВАТЬ	114118-V
ВСХЛИПЫВАТЬ	110821-V
ВСХЛИПЫВАТЬ	117719-V
ВСХЛИПЫВАТЬ	141605-V
ВСХЛИПЫВАТЬ	116244-V
ВСХЛИПЫВАТЬ	115987-V
ВСХЛИПЫВАТЬ	114627-V
ВСХЛИПЫВАТЬ	106909-V
ВШИВАТЬ	7341-V
ВШИВАТЬ	106903-V
ВШИВАТЬ	126151-V
ВШИВАТЬ	133677-V
ВШИВАТЬ	137916-V
ВШИВАТЬ	125807-V
ВШИВАТЬ	124758-V
ВШИВАТЬ	117575-V
ВШИВАТЬ	4281-V
ВШИВАТЬ	131638-V
ВЫКЛЕВАТЬ	141406-V
ВЫКЛЕВАТЬ	151495-V
ВЫКЛЕВАТЬ	137375-V
ВЫКЛЕВАТЬ	128611-V
ВЫКЛЕВАТЬ	151709-V
ВЫКЛЕВАТЬ	127307-V
ВЫКЛЕВАТЬ	125366-V
ВЫКЛЕВАТЬ	128458-V
ВЫКЛЕВАТЬ	134426-V
ВЫКЛЕВАТЬ	114793-V
ВЫПЛАКАТЬ	118576-V
ВЫПЛАКАТЬ	107191-V
ВЫПЛАКАТЬ	127384-V
ВЫПЛАКАТЬ	117927-V
ВЫПЛАКАТЬ	116257-V
ВЫПЛАКАТЬ	119378-V
ВЫПЛАКАТЬ	129356-V
ВЫПЛАКАТЬ	112585-V
ВЫПЛАКАТЬ	1488-V
ВЫПЛАКАТЬ	125887-V
ВЫСПРАШИВАТЬ	153266-V
ВЫСПРАШИВАТЬ	116195-V
ВЫСПРАШИВАТЬ	117919-V
ВЫСПРАШИВАТЬ	110914-V
ВЫСПРАШИВАТЬ	5893-V
ВЫСПРАШИВАТЬ	135135-V
ВЫСПРАШИВАТЬ	5295-V
ВЫСПРАШИВАТЬ	118851-V
ВЫСПРАШИВАТЬ	133628-V
ВЫСПРАШИВАТЬ	110242-V
ВЫТАПТЫВАТЬ	123481-V
ВЫТАПТЫВАТЬ	126539-V
ВЫТАПТЫВАТЬ	154964-V
ВЫТАПТЫВАТЬ	148844-V
ВЫТАПТЫВАТЬ	129093-V
ВЫТАПТЫВАТЬ	117581-V
ВЫТАПТЫВАТЬ	141588-V
ВЫТАПТЫВАТЬ	153127-V
ВЫТАПТЫВАТЬ	128899-V
ВЫТАПТЫВАТЬ	144825-V
ВЫЧЕРПЫВАТЬ	110242-V
ВЫЧЕРПЫВАТЬ	118907-V
ВЫЧЕРПЫВАТЬ	142737-V
ВЫЧЕРПЫВАТЬ	114230-V
ВЫЧЕРПЫВАТЬ	134796-V
ВЫЧЕРПЫВАТЬ	115694-V
ВЫЧЕРПЫВАТЬ	120750-V
ВЫЧЕРПЫВАТЬ	130826-V
ВЫЧЕРПЫВАТЬ	144-V
ВЫЧЕРПЫВАТЬ	143175-V
ВЯЛИТЬ	140584-V
ВЯЛИТЬ	135439-V
ВЯЛИТЬ	115591-V
ВЯЛИТЬ	127172-V
ВЯЛИТЬ	5147-V
ВЯЛИТЬ	139553-V
ВЯЛИТЬ	151627-V
ВЯЛИТЬ	114870-V
ВЯЛИТЬ	116971-V
ВЯЛИТЬ	129792-V
ГАТИТЬ	118667-V
ГАТИТЬ	130467-V
ГАТИТЬ	133723-V
ГАТИТЬ	116971-V
ГАТИТЬ	124821-V
ГАТИТЬ	115847-V
ГАТИТЬ	151440-V
ГАТИТЬ	113646-V
ГАТИТЬ	116747-V
ГАТИТЬ	135683-V
ГИПЕРТРОФИРОВАТЬ	127414-V
ГИПЕРТРОФИРОВАТЬ	123787-V
ГИПЕРТРОФИРОВАТЬ	132984-V
ГИПЕРТРОФИРОВАТЬ	115090-V
ГИПЕРТРОФИРОВАТЬ	121188-V
ГИПЕРТРОФИРОВАТЬ	125460-V
ГИПЕРТРОФИРОВАТЬ	135164-V
ГИПЕРТРОФИРОВАТЬ	128181-V
ГИПЕРТРОФИРОВАТЬ	130464-V
ГИПЕРТРОФИРОВАТЬ	107604-V
ГРУБЕТЬ	139690-V
ГРУБЕТЬ	138332-V
ГРУБЕТЬ	111743-V
ГРУБЕТЬ	2045-V
ГРУБЕТЬ	127188-V
ГРУБЕТЬ	150019-V
ГРУБЕТЬ	146659-V
ГРУБЕТЬ	151674-V
ГРУБЕТЬ	117141-V
ГРУБЕТЬ	660-V
ДИРЕКТОРСТВОВАТЬ	147078-V
ДИРЕКТОРСТВОВАТЬ	150226-V
ДИРЕКТОРСТВОВАТЬ	117526-V
ДИРЕКТОРСТВОВАТЬ	116007-V
ДИРЕКТОРСТВОВАТЬ	115529-V
ДИРЕКТОРСТВОВАТЬ	130850-V
ДИРЕКТОРСТВОВАТЬ	115727-V
ДИРЕКТОРСТВОВАТЬ	117602-V
ДИРЕКТОРСТВОВАТЬ	130450-V
ДИРЕКТОРСТВОВАТЬ	125817-V
ДОКИНУТЬ	113766-V
ДОКИНУТЬ	132228-V
ДОКИНУТЬ	111190-V
ДОКИНУТЬ	133738-V
ДОКИНУТЬ	115773-V
ДОКИНУТЬ	124786-V
ДОКИНУТЬ	133735-V
ДОКИНУТЬ	124536-V
ДОКИНУТЬ	128442-V
ДОКИНУТЬ	1689-V
ДОРАБОТАТЬСЯ	134158-V
ДОРАБОТАТЬСЯ	107196-V
ДОРАБОТАТЬСЯ	8269-V
ДОРАБОТАТЬСЯ	130347-V
ДОРАБОТАТЬСЯ	8240-V
ДОРАБОТАТЬСЯ	121257-V
ДОРАБОТАТЬСЯ	110911-V
ДОРАБОТАТЬСЯ	130346-V
ДОРАБОТАТЬСЯ	153793-V
ДОРАБОТАТЬСЯ	120658-V
ДОТЕЧЬ	152617-V
ДОТЕЧЬ	111561-V
ДОТЕЧЬ	106585-V
ДОТЕЧЬ	152910-V
ДОТЕЧЬ	142753-V
ДОТЕЧЬ	4606-V
ДОТЕЧЬ	112821-V
ДОТЕЧЬ	115082-V
ДОТЕЧЬ	132174-V
ДОТЕЧЬ	111147-V
ДРЯХЛЕТЬ	116257-V
ДРЯХЛЕТЬ	137227-V
ДРЯХЛЕТЬ	4847-V
ДРЯХЛЕТЬ	112311-V
ДРЯХЛЕТЬ	117305-V
ДРЯХЛЕТЬ	127601-V
ДРЯХЛЕТЬ	108917-V
ДРЯХЛЕТЬ	128244-V
ДРЯХЛЕТЬ	139168-V
ДРЯХЛЕТЬ	123913-V
ЗАВЕШАТЬ	147464-V
ЗАВЕШАТЬ	130249-V
ЗАВЕШАТЬ	4628-V
ЗАВЕШАТЬ	142131-V
ЗАВЕШАТЬ	110888-V
ЗАВЕШАТЬ	120812-V
ЗАВЕШАТЬ	130051-V
ЗАВЕШАТЬ	137451-V
ЗАВЕШАТЬ	118866-V
ЗАВЕШАТЬ	153408-V
ЗАГОВОРИТЬСЯ	118502-V
ЗАГОВОРИТЬСЯ	112381-V
ЗАГОВОРИТЬСЯ	133435-V
ЗАГОВОРИТЬСЯ	118379-V
ЗАГОВОРИТЬСЯ	118721-V
ЗАГОВОРИТЬСЯ	128673-V
ЗАГОВОРИТЬСЯ	107141-V
ЗАГОВОРИТЬСЯ	130501-V
ЗАГОВОРИТЬСЯ	154220-V
ЗАГОВОРИТЬСЯ	8604-V
ЗАДАРИТЬ	111759-V
ЗАДАРИТЬ	8051-V
ЗАДАРИТЬ	120491-V
ЗАДАРИТЬ	140795-V
ЗАДАРИТЬ	855-V
ЗАДАРИТЬ	117289-V
ЗАДАРИТЬ	117692-V
ЗАДАРИТЬ	123851-V
ЗАДАРИТЬ	118335-V
ЗАДАРИТЬ	123507-V
ЗАЛИЗАТЬ	118499-V
ЗАЛИЗАТЬ	142445-V
ЗАЛИЗАТЬ	142736-V
ЗАЛИЗАТЬ	139819-V
ЗАЛИЗАТЬ	143948-V
ЗАЛИЗАТЬ	7936-V
ЗАЛИЗАТЬ	116398-V
ЗАЛИЗАТЬ	877-V
ЗАЛИЗАТЬ	7731-V
ЗАЛИЗАТЬ	127492-V
ЗАМАЛИВАТЬ	120812-V
ЗАМАЛИВАТЬ	148410-V
ЗАМАЛИВАТЬ	145565-V
ЗАМАЛИВАТЬ	145429-V
ЗАМАЛИВАТЬ	153541-V
ЗАМАЛИВАТЬ	153334-V
ЗАМАЛИВАТЬ	110721-V
ЗАМАЛИВАТЬ	120038-V
ЗАМАЛИВАТЬ	111621-V
ЗАМАЛИВАТЬ	121502-V
ЗАМОЛИТЬ	148625-V
ЗАМОЛИТЬ	115302-V
ЗАМОЛИТЬ	117696-V
ЗАМОЛИТЬ	149291-V
ЗАМОЛИТЬ	136808-V
ЗАМОЛИТЬ	113296-V
ЗАМОЛИТЬ	140675-V
ЗАМОЛИТЬ	111487-V
ЗАМОЛИТЬ	107181-V
ЗАМОЛИТЬ	117153-V
ЗАПРОКИДЫВАТЬ	112002-V
ЗАПРОКИДЫВАТЬ	132757-V
ЗАПРОКИДЫВАТЬ	123589-V
ЗАПРОКИДЫВАТЬ	117846-V
ЗАПРОКИДЫВАТЬ	113296-V
ЗАПРОКИДЫВАТЬ	146520-V
ЗАПРОКИДЫВАТЬ	116395-V
ЗАПРОКИДЫВАТЬ	154109-V
ЗАПРОКИДЫВАТЬ	117345-V
ЗАПРОКИДЫВАТЬ	137891-V
ЗАРАБОТАТЬСЯ	116093-V
ЗАРАБОТАТЬСЯ	120151-V
ЗАРАБОТАТЬСЯ	114906-V
ЗАРАБОТАТЬСЯ	6908-V
ЗАРАБОТАТЬСЯ	123744-V
ЗАРАБОТАТЬСЯ	140827-V
ЗАРАБОТАТЬСЯ	131334-V
ЗАРАБОТАТЬСЯ	134257-V
ЗАРАБОТАТЬСЯ	140620-V
ЗАРАБОТАТЬСЯ	137362-V
ЗАРЕШЕТИТЬ	112186-V
ЗАРЕШЕТИТЬ	135686-V
ЗАРЕШЕТИТЬ	127492-V
ЗАРЕШЕТИТЬ	125028-V
ЗАРЕШЕТИТЬ	117574-V
ЗАРЕШЕТИТЬ	125833-V
ЗАРЕШЕТИТЬ	116832-V
ЗАРЕШЕТИТЬ	125897-V
ЗАРЕШЕТИТЬ	117228-V
ЗАРЕШЕТИТЬ	110440-V
ЗАСТУДИТЬ	127504-V
ЗАСТУДИТЬ	124268-V
ЗАСТУДИТЬ	130747-V
ЗАСТУДИТЬ	4121-V
ЗАСТУДИТЬ	152693-V
ЗАСТУДИТЬ	5997-V
ЗАСТУДИТЬ	116126-V
ЗАСТУДИТЬ	117842-V
ЗАСТУДИТЬ	141902-V
ЗАСТУДИТЬ	115487-V
ЗАЧИТАТЬСЯ	147805-V
ЗАЧИТАТЬСЯ	120692-V
ЗАЧИТАТЬСЯ	111147-V
ЗАЧИТАТЬСЯ	151427-V
ЗАЧИТАТЬСЯ	153677-V
ЗАЧИТАТЬСЯ	120644-V
ЗАЧИТАТЬСЯ	113042-V
ЗАЧИТАТЬСЯ	116767-V
ЗАЧИТАТЬСЯ	134232-V
ЗАЧИТАТЬСЯ	146641-V
ЗЛОБСТВОВАТЬ	5314-V
ЗЛОБСТВОВАТЬ	6089-V
ЗЛОБСТВОВАТЬ	132257-V
ЗЛОБСТВОВАТЬ	151674-V
ЗЛОБСТВОВАТЬ	117046-V
ЗЛОБСТВОВАТЬ	146932-V
ЗЛОБСТВОВАТЬ	113182-V
ЗЛОБСТВОВАТЬ	143777-V
ЗЛОБСТВОВАТЬ	131462-V
ЗЛОБСТВОВАТЬ	118641-V
ИЗВЕДАТЬ	111723-V
ИЗВЕДАТЬ	118266-V
ИЗВЕДАТЬ	119688-V
ИЗВЕДАТЬ	127414-V
ИЗВЕДАТЬ	114477-V
ИЗВЕДАТЬ	5731-V
ИЗВЕДАТЬ	141187-V
ИЗВЕДАТЬ	128432-V
ИЗВЕДАТЬ	117830-V
ИЗВЕДАТЬ	130183-V
ИНКОРПОРИРОВАТЬ	123814-V
ИНКОРПОРИРОВАТЬ	118268-V
ИНКОРПОРИРОВАТЬ	112821-V
ИНКОРПОРИРОВАТЬ	131632-V
ИНКОРПОРИРОВАТЬ	137872-V
ИНКОРПОРИРОВАТЬ	116686-V
ИНКОРПОРИРОВАТЬ	136198-V
ИНКОРПОРИРОВАТЬ	107606-V
ИНКОРПОРИРОВАТЬ	120515-V
ИНКОРПОРИРОВАТЬ	137152-V
ИСПОЛОСОВАТЬ	117382-V
ИСПОЛОСОВАТЬ	141708-V
ИСПОЛОСОВАТЬ	147550-V
ИСПОЛОСОВАТЬ	135583-V
ИСПОЛОСОВАТЬ	116932-V
ИСПОЛОСОВАТЬ	128850-V
ИСПОЛОСОВАТЬ	116240-V
ИСПОЛОСОВАТЬ	125796-V
ИСПОЛОСОВАТЬ	116391-V
ИСПОЛОСОВАТЬ	111880-V
ИСЦАРАПАТЬ	115676-V
ИСЦАРАПАТЬ	127397-V
ИСЦАРАПАТЬ	115931-V
ИСЦАРАПАТЬ	123435-V
ИСЦАРАПАТЬ	120579-V
ИСЦАРАПАТЬ	154245-V
ИСЦАРАПАТЬ	119985-V
ИСЦАРАПАТЬ	145020-V
ИСЦАРАПАТЬ	107405-V
ИСЦАРАПАТЬ	120256-V
КАРКАТЬ	113647-V
КАРКАТЬ	112290-V
КАРКАТЬ	2458-V
КАРКАТЬ	110720-V
КАРКАТЬ	147116-V
КАРКАТЬ	137733-V
КАРКАТЬ	124516-V
КАРКАТЬ	135197-V
КАРКАТЬ	5147-V
КАРКАТЬ	4719-V
КАТАЛОГИЗИРОВАТЬ	126246-V
КАТАЛОГИЗИРОВАТЬ	125641-V
КАТАЛОГИЗИРОВАТЬ	129008-V
КАТАЛОГИЗИРОВАТЬ	109445-V
КАТАЛОГИЗИРОВАТЬ	134118-V
КАТАЛОГИЗИРОВАТЬ	126268-V
КАТАЛОГИЗИРОВАТЬ	142488-V
КАТАЛОГИЗИРОВАТЬ	151236-V
КАТАЛОГИЗИРОВАТЬ	129191-V
КАТАЛОГИЗИРОВАТЬ	125611-V
КНЯЖИТЬ	120405-V
КНЯЖИТЬ	123600-V
КНЯЖИТЬ	130360-V
КНЯЖИТЬ	111571-V
КНЯЖИТЬ	106878-V
КНЯЖИТЬ	107482-V
КНЯЖИТЬ	106533-V
КНЯЖИТЬ	111777-V
КНЯЖИТЬ	115583-V
КНЯЖИТЬ	236-V
КОМПОСТИРОВАТЬ	106637-V
КОМПОСТИРОВАТЬ	116488-V
КОМПОСТИРОВАТЬ	118062-V
КОМПОСТИРОВАТЬ	141973-V
КОМПОСТИРОВАТЬ	117033-V
КОМПОСТИРОВАТЬ	139584-V
КОМПОСТИРОВАТЬ	111682-V
КОМПОСТИРОВАТЬ	129364-V
КОМПОСТИРОВАТЬ	118110-V
КОМПОСТИРОВАТЬ	112139-V
КООПЕРИРОВАТЬСЯ	118297-V
КООПЕРИРОВАТЬСЯ	151391-V
КООПЕРИРОВАТЬСЯ	125887-V
КООПЕРИРОВАТЬСЯ	107402-V
КООПЕРИРОВАТЬСЯ	144634-V
КООПЕРИРОВАТЬСЯ	118531-V
КООПЕРИРОВАТЬСЯ	142410-V
КООПЕРИРОВАТЬСЯ	3232-V
КООПЕРИРОВАТЬСЯ	148943-V
КООПЕРИРОВАТЬСЯ	132740-V
КРИВИТЬ	1604-V
КРИВИТЬ	8947-V
КРИВИТЬ	123483-V
КРИВИТЬ	106541-V
КРИВИТЬ	147721-V
КРИВИТЬ	115148-V
КРИВИТЬ	142154-V
КРИВИТЬ	4522-V
КРИВИТЬ	136573-V
КРИВИТЬ	125897-V
КРОНИРОВАТЬ	112640-V
КРОНИРОВАТЬ	111578-V
КРОНИРОВАТЬ	139710-V
КРОНИРОВАТЬ	109636-V
КРОНИРОВАТЬ	135851-V
КРОНИРОВАТЬ	116249-V
КРОНИРОВАТЬ	127373-V
КРОНИРОВАТЬ	113005-V
КРОНИРОВАТЬ	132740-V
КРОНИРОВАТЬ	149097-V
КУДАХТАТЬ	134450-V
КУДАХТАТЬ	2485-V
КУДАХТАТЬ	117315-V
КУДАХТАТЬ	125872-V
КУДАХТАТЬ	116654-V
КУДАХТАТЬ	151447-V
КУДАХТАТЬ	131461-V
КУДАХТАТЬ	144750-V
КУДАХТАТЬ	111266-V
КУДАХТАТЬ	114936-V
ЛАЙКНУТЬ	140620-V
ЛАЙКНУТЬ	137386-V
ЛАЙКНУТЬ	128642-V
ЛАЙКНУТЬ	154026-V
ЛАЙКНУТЬ	121133-V
ЛАЙКНУТЬ	137404-V
ЛАЙКНУТЬ	125094-V
ЛАЙКНУТЬ	154638-V
ЛАЙКНУТЬ	121058-V
ЛАЙКНУТЬ	117080-V
ЛЕГИРОВАТЬ	119494-V
ЛЕГИРОВАТЬ	112401-V
ЛЕГИРОВАТЬ	107406-V
ЛЕГИРОВАТЬ	128365-V
ЛЕГИРОВАТЬ	148745-V
ЛЕГИРОВАТЬ	118062-V
ЛЕГИРОВАТЬ	130063-V
ЛЕГИРОВАТЬ	116090-V
ЛЕГИРОВАТЬ	121365-V
ЛЕГИРОВАТЬ	117390-V
ЛОСНИТЬСЯ	153268-V
ЛОСНИТЬСЯ	118257-V
ЛОСНИТЬСЯ	501-V
ЛОСНИТЬСЯ	117122-V
ЛОСНИТЬСЯ	145776-V
ЛОСНИТЬСЯ	123758-V
ЛОСНИТЬСЯ	118456-V
ЛОСНИТЬСЯ	152808-V
ЛОСНИТЬСЯ	114922-V
ЛОСНИТЬСЯ	137319-V
ЛЬГОТИРОВАТЬ	142020-V
ЛЬГОТИРОВАТЬ	120186-V
ЛЬГОТИРОВАТЬ	130529-V
ЛЬГОТИРОВАТЬ	137945-V
ЛЬГОТИРОВАТЬ	116728-V
ЛЬГОТИРОВАТЬ	106823-V
ЛЬГОТИРОВАТЬ	113895-V
ЛЬГОТИРОВАТЬ	137785-V
ЛЬГОТИРОВАТЬ	118645-V
ЛЬГОТИРОВАТЬ	139618-V
ЛЯЗГАТЬ	112550-V
ЛЯЗГАТЬ	111606-V
ЛЯЗГАТЬ	134434-V
ЛЯЗГАТЬ	117577-V
ЛЯЗГАТЬ	151774-V
ЛЯЗГАТЬ	143127-V
ЛЯЗГАТЬ	118673-V
ЛЯЗГАТЬ	106868-V
ЛЯЗГАТЬ	128676-V
ЛЯЗГАТЬ	118329-V
МАНКИРОВАТЬ	132994-V
МАНКИРОВАТЬ	128989-V
МАНКИРОВАТЬ	115201-V
МАНКИРОВАТЬ	129271-V
МАНКИРОВАТЬ	154126-V
МАНКИРОВАТЬ	117933-V
МАНКИРОВАТЬ	119035-V
МАНКИРОВАТЬ	115652-V
МАНКИРОВАТЬ	117078-V
МАНКИРОВАТЬ	2583-V
МИКШИРОВАТЬ	119949-V
МИКШИРОВАТЬ	111778-V
МИКШИРОВАТЬ	137872-V
МИКШИРОВАТЬ	115582-V
МИКШИРОВАТЬ	147034-V
МИКШИРОВАТЬ	130883-V
МИКШИРОВАТЬ	116657-V
МИКШИРОВАТЬ	132848-V
МИКШИРОВАТЬ	153594-V
МИКШИРОВАТЬ	133672-V
МОЛОДИТЬ	133166-V
МОЛОДИТЬ	116814-V
МОЛОДИТЬ	150662-V
МОЛОДИТЬ	116816-V
МОЛОДИТЬ	107199-V
МОЛОДИТЬ	130166-V
МОЛОДИТЬ	120086-V
МОЛОДИТЬ	138310-V
МОЛОДИТЬ	5272-V
МОЛОДИТЬ	145956-V
МОТОРИЗОВАТЬ	126481-V
МОТОРИЗОВАТЬ	114688-V
МОТОРИЗОВАТЬ	7332-V
МОТОРИЗОВАТЬ	141608-V
МОТОРИЗОВАТЬ	121049-V
МОТОРИЗОВАТЬ	123578-V
МОТОРИЗОВАТЬ	130101-V
МОТОРИЗОВАТЬ	115186-V
МОТОРИЗОВАТЬ	143967-V
МОТОРИЗОВАТЬ	128664-V
МУЛЬЧИРОВАТЬ	117200-V
МУЛЬЧИРОВАТЬ	106631-V
МУЛЬЧИРОВАТЬ	140881-V
МУЛЬЧИРОВАТЬ	118313-V
МУЛЬЧИРОВАТЬ	140068-V
МУЛЬЧИРОВАТЬ	828-V
МУЛЬЧИРОВАТЬ	118333-V
МУЛЬЧИРОВАТЬ	130448-V
МУЛЬЧИРОВАТЬ	116918-V
МУЛЬЧИРОВАТЬ	5574-V
МУШТРОВАТЬ	149216-V
МУШТРОВАТЬ	123578-V
МУШТРОВАТЬ	142111-V
МУШТРОВАТЬ	130564-V
МУШТРОВАТЬ	132776-V
МУШТРОВАТЬ	111562-V
МУШТРОВАТЬ	2350-V
МУШТРОВАТЬ	115763-V
МУШТРОВАТЬ	140832-V
МУШТРОВАТЬ	119740-V
НАБЕГАТЬСЯ	144586-V
НАБЕГАТЬСЯ	131062-V
НАБЕГАТЬСЯ	133628-V
НАБЕГАТЬСЯ	111596-V
НАБЕГАТЬСЯ	5003-V
НАБЕГАТЬСЯ	115104-V
НАБЕГАТЬСЯ	116505-V
НАБЕГАТЬСЯ	119187-V
НАБЕГАТЬСЯ	117351-V
НАБЕГАТЬСЯ	111424-V
НАГУЛЯТЬ	125450-V
НАГУЛЯТЬ	149767-V
НАГУЛЯТЬ	111903-V
НАГУЛЯТЬ	136971-V
НАГУЛЯТЬ	117989-V
НАГУЛЯТЬ	149340-V
НАГУЛЯТЬ	135128-V
НАГУЛЯТЬ	141717-V
НАГУЛЯТЬ	116751-V
НАГУЛЯТЬ	150985-V
НАЕЗДИТЬСЯ	3445-V
НАЕЗДИТЬСЯ	120425-V
НАЕЗДИТЬСЯ	143309-V
НАЕЗДИТЬСЯ	115723-V
НАЕЗДИТЬСЯ	128607-V
НАЕЗДИТЬСЯ	138628-V
НАЕЗДИТЬСЯ	111037-V
НАЕЗДИТЬСЯ	140919-V
НАЕЗДИТЬСЯ	116513-V
НАЕЗДИТЬСЯ	111274-V
НАКЛИКАТЬ	117487-V
НАКЛИКАТЬ	111035-V
НАКЛИКАТЬ	118002-V
НАКЛИКАТЬ	127203-V
НАКЛИКАТЬ	117344-V
НАКЛИКАТЬ	111599-V
НАКЛИКАТЬ	144157-V
НАКЛИКАТЬ	115589-V
НАКЛИКАТЬ	129748-V
НАКЛИКАТЬ	133231-V
НАКРЕНИТЬ	114922-V
НАКРЕНИТЬ	130141-V
НАКРЕНИТЬ	115640-V
НАКРЕНИТЬ	138359-V
НАКРЕНИТЬ	135315-V
НАКРЕНИТЬ	117845-V
НАКРЕНИТЬ	111993-V
НАКРЕНИТЬ	119896-V
НАКРЕНИТЬ	112131-V
НАКРЕНИТЬ	120546-V
НАЛОВЧИТЬСЯ	4340-V
НАЛОВЧИТЬСЯ	132693-V
НАЛОВЧИТЬСЯ	125596-V
НАЛОВЧИТЬСЯ	647-V
НАЛОВЧИТЬСЯ	116793-V
НАЛОВЧИТЬСЯ	150986-V
НАЛОВЧИТЬСЯ	115160-V
НАЛОВЧИТЬСЯ	111766-V
НАЛОВЧИТЬСЯ	116297-V
НАЛОВЧИТЬСЯ	140775-V
НАНЮХАТЬСЯ	129803-V
НАНЮХАТЬСЯ	126564-V
НАНЮХАТЬСЯ	120771-V
НАНЮХАТЬСЯ	122000-V
НАНЮХАТЬСЯ	128380-V
НАНЮХАТЬСЯ	115786-V
НАНЮХАТЬСЯ	125538-V
НАНЮХАТЬСЯ	116286-V
НАНЮХАТЬСЯ	119964-V
НАНЮХАТЬСЯ	133678-V
НАСИЖИВАТЬ	152637-V
НАСИЖИВАТЬ	116736-V
НАСИЖИВАТЬ	117308-V
НАСИЖИВАТЬ	117928-V
НАСИЖИВАТЬ	115134-V
НАСИЖИВАТЬ	111031-V
НАСИЖИВАТЬ	115680-V
НАСИЖИВАТЬ	111795-V
НАСИЖИВАТЬ	124504-V
НАСИЖИВАТЬ	139708-V
НЕВОЛИТЬ	144634-V
НЕВОЛИТЬ	133001-V
НЕВОЛИТЬ	7064-V
НЕВОЛИТЬ	134449-V
НЕВОЛИТЬ	123877-V
НЕВОЛИТЬ	114833-V
НЕВОЛИТЬ	108830-V
НЕВОЛИТЬ	152683-V
НЕВОЛИТЬ	124548-V
НЕВОЛИТЬ	121376-V
ОБАГРИТЬ	130868-V
ОБАГРИТЬ	128309-V
ОБАГРИТЬ	115782-V
ОБАГРИТЬ	138242-V
ОБАГРИТЬ	117074-V
ОБАГРИТЬ	119281-V
ОБАГРИТЬ	133804-V
ОБАГРИТЬ	107123-V
ОБАГРИТЬ	118062-V
ОБАГРИТЬ	152887-V
ОБЕЗЖЕЛЕЗИТЬ	143031-V
ОБЕЗЖЕЛЕЗИТЬ	131383-V
ОБЕЗЖЕЛЕЗИТЬ	116391-V
ОБЕЗЖЕЛЕЗИТЬ	126246-V
ОБЕЗЖЕЛЕЗИТЬ	2998-V
ОБЕЗЖЕЛЕЗИТЬ	133125-V
ОБЕЗЖЕЛЕЗИТЬ	129570-V
ОБЕЗЖЕЛЕЗИТЬ	115614-V
ОБЕЗЖЕЛЕЗИТЬ	126086-V
ОБЕЗЖЕЛЕЗИТЬ	120856-V
ОБЕЗЬЯННИЧАТЬ	116698-V
ОБЕЗЬЯННИЧАТЬ	141143-V
ОБЕЗЬЯННИЧАТЬ	5473-V
ОБЕЗЬЯННИЧАТЬ	119669-V
ОБЕЗЬЯННИЧАТЬ	124856-V
ОБЕЗЬЯННИЧАТЬ	121019-V
ОБЕЗЬЯННИЧАТЬ	116578-V
ОБЕЗЬЯННИЧАТЬ	139527-V
ОБЕЗЬЯННИЧАТЬ	112457-V
ОБЕЗЬЯННИЧАТЬ	116815-V
ОБКОЛОТЬ	112913-V
ОБКОЛОТЬ	115899-V
ОБКОЛОТЬ	149942-V
ОБКОЛОТЬ	131986-V
ОБКОЛОТЬ	152483-V
ОБКОЛОТЬ	128597-V
ОБКОЛОТЬ	116581-V
ОБКОЛОТЬ	1030-V
ОБКОЛОТЬ	128790-V
ОБКОЛОТЬ	124270-V
ОБОЖЕСТВИТЬ	116256-V
ОБОЖЕСТВИТЬ	120504-V
ОБОЖЕСТВИТЬ	131793-V
ОБОЖЕСТВИТЬ	123877-V
ОБОЖЕСТВИТЬ	123777-V
ОБОЖЕСТВИТЬ	133633-V
ОБОЖЕСТВИТЬ	146520-V
ОБОЖЕСТВИТЬ	142020-V
ОБОЖЕСТВИТЬ	115202-V
ОБОЖЕСТВИТЬ	137385-V
ОБСАДИТЬ	106860-V
ОБСАДИТЬ	115583-V
ОБСАДИТЬ	118915-V
ОБСАДИТЬ	2583-V
ОБСАДИТЬ	3133-V
ОБСАДИТЬ	143989-V
ОБСАДИТЬ	111548-V
ОБСАДИТЬ	115972-V
ОБСАДИТЬ	134065-V
ОБСАДИТЬ	126198-V
ОБУГЛИТЬ	148430-V
ОБУГЛИТЬ	141419-V
ОБУГЛИТЬ	7313-V
ОБУГЛИТЬ	134196-V
ОБУГЛИТЬ	125749-V
ОБУГЛИТЬ	106598-V
ОБУГЛИТЬ	117918-V
ОБУГЛИТЬ	115089-V
ОБУГЛИТЬ	149602-V
ОБУГЛИТЬ	117154-V
ОГРУБЕТЬ	150283-V
ОГРУБЕТЬ	144374-V
ОГРУБЕТЬ	132996-V
ОГРУБЕТЬ	119509-V
ОГРУБЕТЬ	138375-V
ОГРУБЕТЬ	113780-V
ОГРУБЕТЬ	116802-V
ОГРУБЕТЬ	116101-V
ОГРУБЕТЬ	108856-V
ОГРУБЕТЬ	153127-V
ОДУХОТВОРИТЬ	110831-V
ОДУХОТВОРИТЬ	107190-V
ОДУХОТВОРИТЬ	148440-V
ОДУХОТВОРИТЬ	118492-V
ОДУХОТВОРИТЬ	128282-V
ОДУХОТВОРИТЬ	115882-V
ОДУХОТВОРИТЬ	115806-V
ОДУХОТВОРИТЬ	111679-V
ОДУХОТВОРИТЬ	148341-V
ОДУХОТВОРИТЬ	135577-V
ОКАТЬ	284-V
ОКАТЬ	106484-V
ОКАТЬ	153268-V
ОКАТЬ	150231-V
ОКАТЬ	114509-V
ОКАТЬ	119665-V
ОКАТЬ	119124-V
ОКАТЬ	106635-V
ОКАТЬ	147241-V
ОКАТЬ	111627-V
ОКРОВАВИТЬ	140488-V
ОКРОВАВИТЬ	127006-V
ОКРОВАВИТЬ	116227-V
ОКРОВАВИТЬ	128796-V
ОКРОВАВИТЬ	148862-V
ОКРОВАВИТЬ	3445-V
ОКРОВАВИТЬ	116946-V
ОКРОВАВИТЬ	128626-V
ОКРОВАВИТЬ	115964-V
ОКРОВАВИТЬ	130815-V
ОПЛАВИТЬСЯ	148347-V
ОПЛАВИТЬСЯ	113220-V
ОПЛАВИТЬСЯ	115801-V
ОПЛАВИТЬСЯ	106888-V
ОПЛАВИТЬСЯ	112719-V
ОПЛАВИТЬСЯ	114913-V
ОПЛАВИТЬСЯ	142076-V
ОПЛАВИТЬСЯ	120156-V
ОПЛАВИТЬСЯ	111736-V
ОПЛАВИТЬСЯ	144656-V
ОПОХМЕЛИТЬСЯ	135467-V
ОПОХМЕЛИТЬСЯ	106909-V
ОПОХМЕЛИТЬСЯ	120352-V
ОПОХМЕЛИТЬСЯ	134342-V
ОПОХМЕЛИТЬСЯ	114580-V
ОПОХМЕЛИТЬСЯ	118268-V
ОПОХМЕЛИТЬСЯ	127040-V
ОПОХМЕЛИТЬСЯ	118108-V
ОПОХМЕЛИТЬСЯ	138308-V
ОПОХМЕЛИТЬСЯ	115135-V
ОРОГОВЕТЬ	112605-V
ОРОГОВЕТЬ	153551-V
ОРОГОВЕТЬ	116945-V
ОРОГОВЕТЬ	140666-V
ОРОГОВЕТЬ	2258-V
ОРОГОВЕТЬ	145934-V
ОРОГОВЕТЬ	115690-V
ОРОГОВЕТЬ	114746-V
ОРОГОВЕТЬ	128410-V
ОРОГОВЕТЬ	118439-V
ОСЛЫШАТЬСЯ	120180-V
ОСЛЫШАТЬСЯ	139810-V
ОСЛЫШАТЬСЯ	125646-V
ОСЛЫШАТЬСЯ	148418-V
ОСЛЫШАТЬСЯ	131144-V
ОСЛЫШАТЬСЯ	149882-V
ОСЛЫШАТЬСЯ	5262-V
ОСЛЫШАТЬСЯ	129356-V
ОСЛЫШАТЬСЯ	111788-V
ОСЛЫШАТЬСЯ	120302-V
ОТГРЫЗТЬ	120203-V
ОТГРЫЗТЬ	116677-V
ОТГРЫЗТЬ	134450-V
ОТГРЫЗТЬ	151388-V
ОТГРЫЗТЬ	123600-V
ОТГРЫЗТЬ	107214-V
ОТГРЫЗТЬ	112092-V
ОТГРЫЗТЬ	120546-V
ОТГРЫЗТЬ	151823-V
ОТГРЫЗТЬ	114993-V
ОТКАШЛЯТЬСЯ	153119-V
ОТКАШЛЯТЬСЯ	144388-V
ОТКАШЛЯТЬСЯ	111869-V
ОТКАШЛЯТЬСЯ	116242-V
ОТКАШЛЯТЬСЯ	146687-V
ОТКАШЛЯТЬСЯ	144-V
ОТКАШЛЯТЬСЯ	149821-V
ОТКАШЛЯТЬСЯ	7514-V
ОТКАШЛЯТЬСЯ	120701-V
ОТКАШЛЯТЬСЯ	126560-V
ОТПОЛЗТИ	140696-V
ОТПОЛЗТИ	126364-V
ОТПОЛЗТИ	142019-V
ОТПОЛЗТИ	132983-V
ОТПОЛЗТИ	125902-V
ОТПОЛЗТИ	147564-V
ОТПОЛЗТИ	151869-V
ОТПОЛЗТИ	111622-V
ОТПОЛЗТИ	131610-V
ОТПОЛЗТИ	119317-V
ОТРЕКОНСТРУИРОВАТЬ	139733-V
ОТРЕКОНСТРУИРОВАТЬ	116575-V
ОТРЕКОНСТРУИРОВАТЬ	148281-V
ОТРЕКОНСТРУИРОВАТЬ	6558-V
ОТРЕКОНСТРУИРОВАТЬ	138359-V
ОТРЕКОНСТРУИРОВАТЬ	139901-V
ОТРЕКОНСТРУИРОВАТЬ	7669-V
ОТРЕКОНСТРУИРОВАТЬ	118238-V
ОТРЕКОНСТРУИРОВАТЬ	148299-V
ОТРЕКОНСТРУИРОВАТЬ	147948-V
ОТСЫРЕТЬ	109232-V
ОТСЫРЕТЬ	120849-V
ОТСЫРЕТЬ	119664-V
ОТСЫРЕТЬ	138483-V
ОТСЫРЕТЬ	118715-V
ОТСЫРЕТЬ	106483-V
ОТСЫРЕТЬ	137547-V
ОТСЫРЕТЬ	115853-V
ОТСЫРЕТЬ	144844-V
ОТСЫРЕТЬ	111776-V
ОТЦВЕСТИ	118862-V
ОТЦВЕСТИ	114663-V
ОТЦВЕСТИ	148336-V
ОТЦВЕСТИ	144744-V
ОТЦВЕСТИ	116418-V
ОТЦВЕСТИ	107462-V
ОТЦВЕСТИ	117650-V
ОТЦВЕСТИ	111880-V
ОТЦВЕСТИ	119122-V
ОТЦВЕСТИ	110510-V
ОТЯГЧАТЬ	116803-V
ОТЯГЧАТЬ	126251-V
ОТЯГЧАТЬ	3536-V
ОТЯГЧАТЬ	116846-V
ОТЯГЧАТЬ	106495-V
ОТЯГЧАТЬ	133418-V
ОТЯГЧАТЬ	120596-V
ОТЯГЧАТЬ	113286-V
ОТЯГЧАТЬ	6705-V
ОТЯГЧАТЬ	116530-V
ОЧЕЛОВЕЧИВАТЬ	137278-V
ОЧЕЛОВЕЧИВАТЬ	113991-V
ОЧЕЛОВЕЧИВАТЬ	117139-V
ОЧЕЛОВЕЧИВАТЬ	115249-V
ОЧЕЛОВЕЧИВАТЬ	118500-V
ОЧЕЛОВЕЧИВАТЬ	146463-V
ОЧЕЛОВЕЧИВАТЬ	116932-V
ОЧЕЛОВЕЧИВАТЬ	112630-V
ОЧЕЛОВЕЧИВАТЬ	129117-V
ОЧЕЛОВЕЧИВАТЬ	151388-V
ОЩЕНИТЬСЯ	150029-V
ОЩЕНИТЬСЯ	5168-V
ОЩЕНИТЬСЯ	120503-V
ОЩЕНИТЬСЯ	142456-V
ОЩЕНИТЬСЯ	121222-V
ОЩЕНИТЬСЯ	147617-V
ОЩЕНИТЬСЯ	115920-V
ОЩЕНИТЬСЯ	134034-V
ОЩЕНИТЬСЯ	128617-V
ОЩЕНИТЬСЯ	116361-V
ПАНИРОВАТЬ	464-V
ПАНИРОВАТЬ	116293-V
ПАНИРОВАТЬ	115776-V
ПАНИРОВАТЬ	128918-V
ПАНИРОВАТЬ	118622-V
ПАНИРОВАТЬ	118045-V
ПАНИРОВАТЬ	125890-V
ПАНИРОВАТЬ	126086-V
ПАНИРОВАТЬ	137676-V
ПАНИРОВАТЬ	10217-V
ПЕЛЕНАТЬ	112080-V
ПЕЛЕНАТЬ	142136-V
ПЕЛЕНАТЬ	115773-V
ПЕЛЕНАТЬ	133355-V
ПЕЛЕНАТЬ	124567-V
ПЕЛЕНАТЬ	125742-V
ПЕЛЕНАТЬ	118653-V
ПЕЛЕНАТЬ	149422-V
ПЕЛЕНАТЬ	4611-V
ПЕЛЕНАТЬ	123468-V
ПЕРЕДАВИТЬ	114712-V
ПЕРЕДАВИТЬ	119125-V
ПЕРЕДАВИТЬ	135315-V
ПЕРЕДАВИТЬ	119170-V
ПЕРЕДАВИТЬ	150933-V
ПЕРЕДАВИТЬ	131218-V
ПЕРЕДАВИТЬ	117630-V
ПЕРЕДАВИТЬ	148417-V
ПЕРЕДАВИТЬ	115982-V
ПЕРЕДАВИТЬ	119197-V
ПЕРЕЖИМАТЬ	129361-V
ПЕРЕЖИМАТЬ	145542-V
ПЕРЕЖИМАТЬ	117207-V
ПЕРЕЖИМАТЬ	116445-V
ПЕРЕЖИМАТЬ	147078-V
ПЕРЕЖИМАТЬ	111842-V
ПЕРЕЖИМАТЬ	127289-V
ПЕРЕЖИМАТЬ	4869-V
ПЕРЕЖИМАТЬ	121636-V
ПЕРЕЖИМАТЬ	131136-V
ПЕРЕКОВАТЬ	148339-V
ПЕРЕКОВАТЬ	118191-V
ПЕРЕКОВАТЬ	132718-V
ПЕРЕКОВАТЬ	1200-V
ПЕРЕКОВАТЬ	134714-V
ПЕРЕКОВАТЬ	142340-V
ПЕРЕКОВАТЬ	106702-V
ПЕРЕКОВАТЬ	120040-V
ПЕРЕКОВАТЬ	123850-V
ПЕРЕКОВАТЬ	121458-V
ПЕРЕЛИЦЕВАТЬ	119128-V
ПЕРЕЛИЦЕВАТЬ	123601-V
ПЕРЕЛИЦЕВАТЬ	111095-V
ПЕРЕЛИЦЕВАТЬ	139088-V
ПЕРЕЛИЦЕВАТЬ	129445-V
ПЕРЕЛИЦЕВАТЬ	116989-V
ПЕРЕЛИЦЕВАТЬ	4847-V
ПЕРЕЛИЦЕВАТЬ	115284-V
ПЕРЕЛИЦЕВАТЬ	121005-V
ПЕРЕЛИЦЕВАТЬ	126031-V
ПЕРЕПОСТИТЬ	151302-V
ПЕРЕПОСТИТЬ	136198-V
ПЕРЕПОСТИТЬ	120451-V
ПЕРЕПОСТИТЬ	114745-V
ПЕРЕПОСТИТЬ	127285-V
ПЕРЕПОСТИТЬ	113351-V
ПЕРЕПОСТИТЬ	114108-V
ПЕРЕПОСТИТЬ	119929-V
ПЕРЕПОСТИТЬ	542-V
ПЕРЕПОСТИТЬ	147650-V
ПЕРЕСПОРИТЬ	4661-V
ПЕРЕСПОРИТЬ	149212-V
ПЕРЕСПОРИТЬ	116153-V
ПЕРЕСПОРИТЬ	1321-V
ПЕРЕСПОРИТЬ	115643-V
ПЕРЕСПОРИТЬ	120207-V
ПЕРЕСПОРИТЬ	120281-V
ПЕРЕСПОРИТЬ	135840-V
ПЕРЕСПОРИТЬ	118439-V
ПЕРЕСПОРИТЬ	137823-V
ПЕРЕУСТРАИВАТЬ	145831-V
ПЕРЕУСТРАИВАТЬ	135197-V
ПЕРЕУСТРАИВАТЬ	111768-V
ПЕРЕУСТРАИВАТЬ	151380-V
ПЕРЕУСТРАИВАТЬ	135123-V
ПЕРЕУСТРАИВАТЬ	111110-V
ПЕРЕУСТРАИВАТЬ	111981-V
ПЕРЕУСТРАИВАТЬ	133367-V
ПЕРЕУСТРАИВАТЬ	106947-V
ПЕРЕУСТРАИВАТЬ	139834-V
ПИКАТЬ	151365-V
ПИКАТЬ	149404-V
ПИКАТЬ	143692-V
ПИКАТЬ	120398-V
ПИКАТЬ	5792-V
ПИКАТЬ	130108-V
ПИКАТЬ	111100-V
ПИКАТЬ	117947-V
ПИКАТЬ	118963-V
ПИКАТЬ	116448-V
ПОДГОРАТЬ	147320-V
ПОДГОРАТЬ	118048-V
ПОДГОРАТЬ	6312-V
ПОДГОРАТЬ	111039-V
ПОДГОРАТЬ	130579-V
ПОДГОРАТЬ	144379-V
ПОДГОРАТЬ	5390-V
ПОДГОРАТЬ	116591-V
ПОДГОРАТЬ	120076-V
ПОДГОРАТЬ	139378-V
ПОДЛЕЗТЬ	127502-V
ПОДЛЕЗТЬ	3459-V
ПОДЛЕЗТЬ	120899-V
ПОДЛЕЗТЬ	107418-V
ПОДЛЕЗТЬ	122206-V
ПОДЛЕЗТЬ	118864-V
ПОДЛЕЗТЬ	118401-V
ПОДЛЕЗТЬ	146659-V
ПОДЛЕЗТЬ	151305-V
ПОДЛЕЗТЬ	144119-V
ПОДНЫРНУТЬ	116228-V
ПОДНЫРНУТЬ	117086-V
ПОДНЫРНУТЬ	120616-V
ПОДНЫРНУТЬ	128343-V
ПОДНЫРНУТЬ	114726-V
ПОДНЫРНУТЬ	116055-V
ПОДНЫРНУТЬ	111999-V
ПОДНЫРНУТЬ	115484-V
ПОДНЫРНУТЬ	116367-V
ПОДНЫРНУТЬ	112092-V
ПОДРАЗДЕЛЯТЬСЯ	1488-V
ПОДРАЗДЕЛЯТЬСЯ	125567-V
ПОДРАЗДЕЛЯТЬСЯ	111795-V
ПОДРАЗДЕЛЯТЬСЯ	133542-V
ПОДРАЗДЕЛЯТЬСЯ	119985-V
ПОДРАЗДЕЛЯТЬСЯ	154179-V
ПОДРАЗДЕЛЯТЬСЯ	1689-V
ПОДРАЗДЕЛЯТЬСЯ	141588-V
ПОДРАЗДЕЛЯТЬСЯ	141325-V
ПОДРАЗДЕЛЯТЬСЯ	152989-V
ПОДСЕКАТЬ	113000-V
ПОДСЕКАТЬ	117152-V
ПОДСЕКАТЬ	112011-V
ПОДСЕКАТЬ	111554-V
ПОДСЕКАТЬ	131393-V
ПОДСЕКАТЬ	118801-V
ПОДСЕКАТЬ	120265-V
ПОДСЕКАТЬ	137321-V
ПОДСЕКАТЬ	115189-V
ПОДСЕКАТЬ	124624-V
ПОДУЧИТЬСЯ	121124-V
ПОДУЧИТЬСЯ	117384-V
ПОДУЧИТЬСЯ	123478-V
ПОДУЧИТЬСЯ	6564-V
ПОДУЧИТЬСЯ	115043-V
ПОДУЧИТЬСЯ	128944-V
ПОДУЧИТЬСЯ	147034-V
ПОДУЧИТЬСЯ	143861-V
ПОДУЧИТЬСЯ	148404-V
ПОДУЧИТЬСЯ	107386-V
ПОЛУЛЕЖАТЬ	113648-V
ПОЛУЛЕЖАТЬ	115801-V
ПОЛУЛЕЖАТЬ	116073-V
ПОЛУЛЕЖАТЬ	7830-V
ПОЛУЛЕЖАТЬ	120829-V
ПОЛУЛЕЖАТЬ	120792-V
ПОЛУЛЕЖАТЬ	7237-V
ПОЛУЛЕЖАТЬ	140880-V
ПОЛУЛЕЖАТЬ	106456-V
ПОЛУЛЕЖАТЬ	10131-V
ПОХМЕЛИТЬСЯ	149403-V
ПОХМЕЛИТЬСЯ	133233-V
ПОХМЕЛИТЬСЯ	115980-V
ПОХМЕЛИТЬСЯ	7094-V
ПОХМЕЛИТЬСЯ	115297-V
ПОХМЕЛИТЬСЯ	114828-V
ПОХМЕЛИТЬСЯ	111484-V
ПОХМЕЛИТЬСЯ	3977-V
ПОХМЕЛИТЬСЯ	123814-V
ПОХМЕЛИТЬСЯ	115170-V
ПРИВОДНИТЬСЯ	5697-V
ПРИВОДНИТЬСЯ	117990-V
ПРИВОДНИТЬСЯ	152477-V
ПРИВОДНИТЬСЯ	112630-V
ПРИВОДНИТЬСЯ	111597-V
ПРИВОДНИТЬСЯ	133326-V
ПРИВОДНИТЬСЯ	151384-V
ПРИВОДНИТЬСЯ	126398-V
ПРИВОДНИТЬСЯ	130975-V
ПРИВОДНИТЬСЯ	118479-V
ПРИГНУТЬ	118836-V
ПРИГНУТЬ	4018-V
ПРИГНУТЬ	117957-V
ПРИГНУТЬ	2889-V
ПРИГНУТЬ	126229-V
ПРИГНУТЬ	106783-V
ПРИГНУТЬ	107117-V
ПРИГНУТЬ	133333-V
ПРИГНУТЬ	118469-V
ПРИГНУТЬ	144-V
ПРИДУРИВАТЬСЯ	125643-V
ПРИДУРИВАТЬСЯ	125237-V
ПРИДУРИВАТЬСЯ	115313-V
ПРИДУРИВАТЬСЯ	120318-V
ПРИДУРИВАТЬСЯ	153792-V
ПРИДУРИВАТЬСЯ	121035-V
ПРИДУРИВАТЬСЯ	130468-V
ПРИДУРИВАТЬСЯ	8576-V
ПРИДУРИВАТЬСЯ	133024-V
ПРИДУРИВАТЬСЯ	145907-V
ПРИКОРНУТЬ	115148-V
ПРИКОРНУТЬ	117855-V
ПРИКОРНУТЬ	114961-V
ПРИКОРНУТЬ	123423-V
ПРИКОРНУТЬ	121636-V
ПРИКОРНУТЬ	125904-V
ПРИКОРНУТЬ	146751-V
ПРИКОРНУТЬ	115702-V
ПРИКОРНУТЬ	115296-V
ПРИКОРНУТЬ	118918-V
ПРИМОСТИТЬСЯ	149593-V
ПРИМОСТИТЬСЯ	123850-V
ПРИМОСТИТЬСЯ	123785-V
ПРИМОСТИТЬСЯ	128650-V
ПРИМОСТИТЬСЯ	133367-V
ПРИМОСТИТЬСЯ	117014-V
ПРИМОСТИТЬСЯ	116466-V
ПРИМОСТИТЬСЯ	131391-V
ПРИМОСТИТЬСЯ	123734-V
ПРИМОСТИТЬСЯ	146681-V
ПРИПЛЮСНУТЬ	142846-V
ПРИПЛЮСНУТЬ	119035-V
ПРИПЛЮСНУТЬ	120503-V
ПРИПЛЮСНУТЬ	145735-V
ПРИПЛЮСНУТЬ	111622-V
ПРИПЛЮСНУТЬ	144538-V
ПРИПЛЮСНУТЬ	134183-V
ПРИПЛЮСНУТЬ	9034-V
ПРИПЛЮСНУТЬ	140726-V
ПРИПЛЮСНУТЬ	114521-V
ПРИСЛОНИТЬ	135119-V
ПРИСЛОНИТЬ	130995-V
ПРИСЛОНИТЬ	139625-V
ПРИСЛОНИТЬ	111738-V
ПРИСЛОНИТЬ	107417-V
ПРИСЛОНИТЬ	140562-V
ПРИСЛОНИТЬ	127466-V
ПРИСЛОНИТЬ	130063-V
ПРИСЛОНИТЬ	111489-V
ПРИСЛОНИТЬ	121077-V
ПРИХОРАШИВАТЬСЯ	133651-V
ПРИХОРАШИВАТЬСЯ	116229-V
ПРИХОРАШИВАТЬСЯ	4196-V
ПРИХОРАШИВАТЬСЯ	119281-V
ПРИХОРАШИВАТЬСЯ	114118-V
ПРИХОРАШИВАТЬСЯ	130547-V
ПРИХОРАШИВАТЬСЯ	115443-V
ПРИХОРАШИВАТЬСЯ	121051-V
ПРИХОРАШИВАТЬСЯ	7260-V
ПРИХОРАШИВАТЬСЯ	140680-V
ПРИШПИЛИТЬ	118361-V
ПРИШПИЛИТЬ	152528-V
ПРИШПИЛИТЬ	127073-V
ПРИШПИЛИТЬ	7786-V
ПРИШПИЛИТЬ	141494-V
ПРИШПИЛИТЬ	119695-V
ПРИШПИЛИТЬ	119664-V
ПРИШПИЛИТЬ	116434-V
ПРИШПИЛИТЬ	120822-V
ПРИШПИЛИТЬ	5704-V
ПРОДЛЯТЬ	144735-V
ПРОДЛЯТЬ	112081-V
ПРОДЛЯТЬ	125623-V
ПРОДЛЯТЬ	139755-V
ПРОДЛЯТЬ	129771-V
ПРОДЛЯТЬ	125622-V
ПРОДЛЯТЬ	115665-V
ПРОДЛЯТЬ	139431-V
ПРОДЛЯТЬ	149703-V
ПРОДЛЯТЬ	135583-V
ПРОМУЛЬГИРОВАТЬ	116428-V
ПРОМУЛЬГИРОВАТЬ	1030-V
ПРОМУЛЬГИРОВАТЬ	129701-V
ПРОМУЛЬГИРОВАТЬ	132788-V
ПРОМУЛЬГИРОВАТЬ	115080-V
ПРОМУЛЬГИРОВАТЬ	107668-V
ПРОМУЛЬГИРОВАТЬ	144464-V
ПРОМУЛЬГИРОВАТЬ	142861-V
ПРОМУЛЬГИРОВАТЬ	9880-V
ПРОМУЛЬГИРОВАТЬ	115632-V
ПРОТОКОЛИРОВАТЬ	4760-V
ПРОТОКОЛИРОВАТЬ	133857-V
ПРОТОКОЛИРОВАТЬ	137463-V
ПРОТОКОЛИРОВАТЬ	113006-V
ПРОТОКОЛИРОВАТЬ	113121-V
ПРОТОКОЛИРОВАТЬ	114313-V
ПРОТОКОЛИРОВАТЬ	111715-V
ПРОТОКОЛИРОВАТЬ	125924-V
ПРОТОКОЛИРОВАТЬ	135613-V
ПРОТОКОЛИРОВАТЬ	106947-V
ПРОТОРИТЬ	121438-V
ПРОТОРИТЬ	107592-V
ПРОТОРИТЬ	116153-V
ПРОТОРИТЬ	125644-V
ПРОТОРИТЬ	133877-V
ПРОТОРИТЬ	106715-V
ПРОТОРИТЬ	116051-V
ПРОТОРИТЬ	111144-V
ПРОТОРИТЬ	109705-V
ПРОТОРИТЬ	112124-V
ПУДРИТЬ	117823-V
ПУДРИТЬ	115703-V
ПУДРИТЬ	118281-V
ПУДРИТЬ	144597-V
ПУДРИТЬ	147098-V
ПУДРИТЬ	117735-V
ПУДРИТЬ	120973-V
ПУДРИТЬ	121100-V
ПУДРИТЬ	114549-V
ПУДРИТЬ	139431-V
РАЗВАРИТЬ	110416-V
РАЗВАРИТЬ	111619-V
РАЗВАРИТЬ	138267-V
РАЗВАРИТЬ	127446-V
РАЗВАРИТЬ	115700-V
РАЗВАРИТЬ	148929-V
РАЗВАРИТЬ	152740-V
РАЗВАРИТЬ	115974-V
РАЗВАРИТЬ	127047-V
РАЗВАРИТЬ	111735-V
РАЗГИБАТЬСЯ	7731-V
РАЗГИБАТЬСЯ	137963-V
РАЗГИБАТЬСЯ	131065-V
РАЗГИБАТЬСЯ	115717-V
РАЗГИБАТЬСЯ	142151-V
РАЗГИБАТЬСЯ	117928-V
РАЗГИБАТЬСЯ	116984-V
РАЗГИБАТЬСЯ	143356-V
РАЗГИБАТЬСЯ	116826-V
РАЗГИБАТЬСЯ	142346-V
РАЗГОВЕТЬСЯ	116996-V
РАЗГОВЕТЬСЯ	151660-V
РАЗГОВЕТЬСЯ	128431-V
РАЗГОВЕТЬСЯ	111871-V
РАЗГОВЕТЬСЯ	115176-V
РАЗГОВЕТЬСЯ	142461-V
РАЗГОВЕТЬСЯ	120682-V
РАЗГОВЕТЬСЯ	145020-V
РАЗГОВЕТЬСЯ	133689-V
РАЗГОВЕТЬСЯ	123879-V
РАЗЕВАТЬ	142734-V
РАЗЕВАТЬ	128178-V
РАЗЕВАТЬ	124694-V
РАЗЕВАТЬ	118301-V
РАЗЕВАТЬ	126329-V
РАЗЕВАТЬ	120979-V
РАЗЕВАТЬ	117359-V
РАЗЕВАТЬ	1444-V
РАЗЕВАТЬ	131229-V
РАЗЕВАТЬ	111916-V
РАЗМЕЧТАТЬСЯ	137563-V
РАЗМЕЧТАТЬСЯ	150089-V
РАЗМЕЧТАТЬСЯ	111047-V
РАЗМЕЧТАТЬСЯ	112538-V
РАЗМЕЧТАТЬСЯ	110440-V
РАЗМЕЧТАТЬСЯ	112004-V
РАЗМЕЧТАТЬСЯ	109927-V
РАЗМЕЧТАТЬСЯ	116575-V
РАЗМЕЧТАТЬСЯ	117661-V
РАЗМЕЧТАТЬСЯ	130451-V
РАЗМОРИТЬ	2214-V
РАЗМОРИТЬ	125809-V
РАЗМОРИТЬ	130966-V
РАЗМОРИТЬ	134717-V
РАЗМОРИТЬ	126191-V
РАЗМОРИТЬ	1689-V
РАЗМОРИТЬ	118733-V
РАЗМОРИТЬ	114746-V
РАЗМОРИТЬ	116229-V
РАЗМОРИТЬ	125544-V
РАЗОНРАВИТЬСЯ	115874-V
РАЗОНРАВИТЬСЯ	150229-V
РАЗОНРАВИТЬСЯ	116660-V
РАЗОНРАВИТЬСЯ	144688-V
РАЗОНРАВИТЬСЯ	120301-V
РАЗОНРАВИТЬСЯ	111737-V
РАЗОНРАВИТЬСЯ	141496-V
РАЗОНРАВИТЬСЯ	149352-V
РАЗОНРАВИТЬСЯ	124855-V
РАЗОНРАВИТЬСЯ	116005-V
РАЗУТЬ	115225-V
РАЗУТЬ	118878-V
РАЗУТЬ	117719-V
РАЗУТЬ	125786-V
РАЗУТЬ	114519-V
РАЗУТЬ	115834-V
РАЗУТЬ	116966-V
РАЗУТЬ	111442-V
РАЗУТЬ	138991-V
РАЗУТЬ	9926-V
РАСКОВАТЬ	114458-V
РАСКОВАТЬ	131935-V
РАСКОВАТЬ	121146-V
РАСКОВАТЬ	123388-V
РАСКОВАТЬ	142912-V
РАСКОВАТЬ	6604-V
РАСКОВАТЬ	117986-V
РАСКОВАТЬ	7075-V
РАСКОВАТЬ	116793-V
РАСКОВАТЬ	120504-V
РАСПАРИТЬ	118819-V
РАСПАРИТЬ	134382-V
РАСПАРИТЬ	118894-V
РАСПАРИТЬ	145907-V
РАСПАРИТЬ	115676-V
РАСПАРИТЬ	120961-V
РАСПАРИТЬ	130072-V
РАСПАРИТЬ	116394-V
РАСПАРИТЬ	116918-V
РАСПАРИТЬ	155110-V
РАСПЕРЕЖИВАТЬСЯ	116495-V
РАСПЕРЕЖИВАТЬСЯ	120863-V
РАСПЕРЕЖИВАТЬСЯ	109451-V
РАСПЕРЕЖИВАТЬСЯ	129809-V
РАСПЕРЕЖИВАТЬСЯ	144720-V
РАСПЕРЕЖИВАТЬСЯ	146689-V
РАСПЕРЕЖИВАТЬСЯ	106558-V
РАСПЕРЕЖИВАТЬСЯ	113256-V
РАСПЕРЕЖИВАТЬСЯ	117915-V
РАСПЕРЕЖИВАТЬСЯ	117487-V
РАСПЛАСТАТЬСЯ	127106-V
РАСПЛАСТАТЬСЯ	150138-V
РАСПЛАСТАТЬСЯ	1823-V
РАСПЛАСТАТЬСЯ	135679-V
РАСПЛАСТАТЬСЯ	152466-V
РАСПЛАСТАТЬСЯ	128431-V
РАСПЛАСТАТЬСЯ	152693-V
РАСПЛАСТАТЬСЯ	119751-V
РАСПЛАСТАТЬСЯ	120771-V
РАСПЛАСТАТЬСЯ	115543-V
РАСТОЧИТЬ	112538-V
РАСТОЧИТЬ	111993-V
РАСТОЧИТЬ	151738-V
РАСТОЧИТЬ	150138-V
РАСТОЧИТЬ	118591-V
РАСТОЧИТЬ	111691-V
РАСТОЧИТЬ	874-V
РАСТОЧИТЬ	117280-V
РАСТОЧИТЬ	141372-V
РАСТОЧИТЬ	140068-V
РАСЧЕХЛИТЬ	118864-V
РАСЧЕХЛИТЬ	142565-V
РАСЧЕХЛИТЬ	123624-V
РАСЧЕХЛИТЬ	116041-V
РАСЧЕХЛИТЬ	106565-V
РАСЧЕХЛИТЬ	130882-V
РАСЧЕХЛИТЬ	150231-V
РАСЧЕХЛИТЬ	141498-V
РАСЧЕХЛИТЬ	116466-V
РАСЧЕХЛИТЬ	128665-V
РЕКВИЗИРОВАТЬ	141395-V
РЕКВИЗИРОВАТЬ	115394-V
РЕКВИЗИРОВАТЬ	116783-V
РЕКВИЗИРОВАТЬ	140756-V
РЕКВИЗИРОВАТЬ	117989-V
РЕКВИЗИРОВАТЬ	115846-V
РЕКВИЗИРОВАТЬ	142734-V
РЕКВИЗИРОВАТЬ	120988-V
РЕКВИЗИРОВАТЬ	124573-V
РЕКВИЗИРОВАТЬ	134882-V
РУСЕТЬ	150226-V
РУСЕТЬ	943-V
РУСЕТЬ	153266-V
РУСЕТЬ	119990-V
РУСЕТЬ	121019-V
РУСЕТЬ	106615-V
РУСЕТЬ	123737-V
РУСЕТЬ	4248-V
РУСЕТЬ	109445-V
РУСЕТЬ	134174-V
РЯВКНУТЬ	140676-V
РЯВКНУТЬ	118317-V
РЯВКНУТЬ	141638-V
РЯВКНУТЬ	124261-V
РЯВКНУТЬ	141743-V
РЯВКНУТЬ	118042-V
РЯВКНУТЬ	115779-V
РЯВКНУТЬ	121045-V
РЯВКНУТЬ	134065-V
РЯВКНУТЬ	133358-V
СГРУДИТЬСЯ	5574-V
СГРУДИТЬСЯ	111002-V
СГРУДИТЬСЯ	123487-V
СГРУДИТЬСЯ	115284-V
СГРУДИТЬСЯ	118449-V
СГРУДИТЬСЯ	153634-V
СГРУДИТЬСЯ	4335-V
СГРУДИТЬСЯ	137547-V
СГРУДИТЬСЯ	138483-V
СГРУДИТЬСЯ	139819-V
СЕРЕБРИТЬ	142126-V
СЕРЕБРИТЬ	118334-V
СЕРЕБРИТЬ	129398-V
СЕРЕБРИТЬ	135144-V
СЕРЕБРИТЬ	130049-V
СЕРЕБРИТЬ	141478-V
СЕРЕБРИТЬ	142176-V
СЕРЕБРИТЬ	134196-V
СЕРЕБРИТЬ	133371-V
СЕРЕБРИТЬ	128607-V
СКАЛИТЬСЯ	118172-V
СКАЛИТЬСЯ	142867-V
СКАЛИТЬСЯ	1685-V
СКАЛИТЬСЯ	133922-V
СКАЛИТЬСЯ	116370-V
СКАЛИТЬСЯ	110426-V
СКАЛИТЬСЯ	118325-V
СКАЛИТЬСЯ	4864-V
СКАЛИТЬСЯ	120139-V
СКАЛИТЬСЯ	4844-V
СКОВЫРНУТЬ	3106-V
СКОВЫРНУТЬ	5944-V
СКОВЫРНУТЬ	131932-V
СКОВЫРНУТЬ	141680-V
СКОВЫРНУТЬ	129198-V
СКОВЫРНУТЬ	116122-V
СКОВЫРНУТЬ	115648-V
СКОВЫРНУТЬ	154926-V
СКОВЫРНУТЬ	109325-V
СКОВЫРНУТЬ	119526-V
СКУЧИТЬ	137569-V
СКУЧИТЬ	296-V
СКУЧИТЬ	115189-V
СКУЧИТЬ	119928-V
СКУЧИТЬ	114541-V
СКУЧИТЬ	133750-V
СКУЧИТЬ	111777-V
СКУЧИТЬ	124141-V
СКУЧИТЬ	128678-V
СКУЧИТЬ	114439-V
СМОЛИТЬ	120070-V
СМОЛИТЬ	117274-V
СМОЛИТЬ	146498-V
СМОЛИТЬ	142820-V
СМОЛИТЬ	141973-V
СМОЛИТЬ	117740-V
СМОЛИТЬ	143317-V
СМОЛИТЬ	114565-V
СМОЛИТЬ	140489-V
СМОЛИТЬ	119795-V
СНЕЖИТЬ	108831-V
СНЕЖИТЬ	134437-V
СНЕЖИТЬ	116726-V
СНЕЖИТЬ	4566-V
СНЕЖИТЬ	126685-V
СНЕЖИТЬ	7335-V
СНЕЖИТЬ	118460-V
СНЕЖИТЬ	129459-V
СНЕЖИТЬ	116053-V
СНЕЖИТЬ	144374-V
СПЕЧЬСЯ	130370-V
СПЕЧЬСЯ	120450-V
СПЕЧЬСЯ	146626-V
СПЕЧЬСЯ	138473-V
СПЕЧЬСЯ	116345-V
СПЕЧЬСЯ	144385-V
СПЕЧЬСЯ	120555-V
СПЕЧЬСЯ	603-V
СПЕЧЬСЯ	118802-V
СПЕЧЬСЯ	106784-V
СПЛЮЩИТЬ	145463-V
СПЛЮЩИТЬ	144804-V
СПЛЮЩИТЬ	120616-V
СПЛЮЩИТЬ	143356-V
СПЛЮЩИТЬ	137563-V
СПЛЮЩИТЬ	137167-V
СПЛЮЩИТЬ	107121-V
СПЛЮЩИТЬ	120302-V
СПЛЮЩИТЬ	115285-V
СПЛЮЩИТЬ	114874-V
СТЕСАТЬ	114541-V
СТЕСАТЬ	131057-V
СТЕСАТЬ	135577-V
СТЕСАТЬ	111681-V
СТЕСАТЬ	5418-V
СТЕСАТЬ	126315-V
СТЕСАТЬ	114966-V
СТЕСАТЬ	112297-V
СТЕСАТЬ	124261-V
СТЕСАТЬ	4639-V
СФОРМОВАТЬ	149893-V
СФОРМОВАТЬ	111596-V
СФОРМОВАТЬ	150129-V
СФОРМОВАТЬ	115627-V
СФОРМОВАТЬ	120412-V
СФОРМОВАТЬ	131220-V
СФОРМОВАТЬ	117933-V
СФОРМОВАТЬ	106585-V
СФОРМОВАТЬ	130508-V
СФОРМОВАТЬ	127329-V
СЮСЮКАТЬ	154714-V
СЮСЮКАТЬ	133707-V
СЮСЮКАТЬ	134697-V
СЮСЮКАТЬ	106895-V
СЮСЮКАТЬ	121198-V
СЮСЮКАТЬ	150072-V
СЮСЮКАТЬ	7638-V
СЮСЮКАТЬ	130975-V
СЮСЮКАТЬ	150985-V
СЮСЮКАТЬ	140719-V
ТОЛОЧЬ	118895-V
ТОЛОЧЬ	112364-V
ТОЛОЧЬ	116658-V
ТОЛОЧЬ	116654-V
ТОЛОЧЬ	133991-V
ТОЛОЧЬ	144533-V
ТОЛОЧЬ	106518-V
ТОЛОЧЬ	116785-V
ТОЛОЧЬ	140873-V
ТОЛОЧЬ	116306-V
ТЩИТЬСЯ	115690-V
ТЩИТЬСЯ	130550-V
ТЩИТЬСЯ	8288-V
ТЩИТЬСЯ	112640-V
ТЩИТЬСЯ	574-V
ТЩИТЬСЯ	115783-V
ТЩИТЬСЯ	121346-V
ТЩИТЬСЯ	120702-V
ТЩИТЬСЯ	114585-V
ТЩИТЬСЯ	137422-V
УВОЛОЧЬ	116073-V
УВОЛОЧЬ	140914-V
УВОЛОЧЬ	120955-V
УВОЛОЧЬ	149882-V
УВОЛОЧЬ	115993-V
УВОЛОЧЬ	117842-V
УВОЛОЧЬ	112717-V
УВОЛОЧЬ	116662-V
УВОЛОЧЬ	9031-V
УВОЛОЧЬ	118255-V
УЛЮЛЮКАТЬ	115265-V
УЛЮЛЮКАТЬ	154066-V
УЛЮЛЮКАТЬ	117945-V
УЛЮЛЮКАТЬ	138338-V
УЛЮЛЮКАТЬ	1805-V
УЛЮЛЮКАТЬ	115283-V
УЛЮЛЮКАТЬ	119949-V
УЛЮЛЮКАТЬ	151384-V
УЛЮЛЮКАТЬ	124654-V
УЛЮЛЮКАТЬ	113078-V
УМЯТЬ	129063-V
УМЯТЬ	151440-V
УМЯТЬ	137466-V
УМЯТЬ	114751-V
УМЯТЬ	133725-V
УМЯТЬ	129359-V
УМЯТЬ	4561-V
УМЯТЬ	120041-V
УМЯТЬ	112536-V
УМЯТЬ	118868-V
УСЛАЖДАТЬ	113428-V
УСЛАЖДАТЬ	125237-V
УСЛАЖДАТЬ	111135-V
УСЛАЖДАТЬ	117384-V
УСЛАЖДАТЬ	130950-V
УСЛАЖДАТЬ	116206-V
УСЛАЖДАТЬ	120456-V
УСЛАЖДАТЬ	115655-V
УСЛАЖДАТЬ	123596-V
УСЛАЖДАТЬ	9051-V
УТОНЧИТЬ	120943-V
УТОНЧИТЬ	140443-V
УТОНЧИТЬ	135642-V
УТОНЧИТЬ	142835-V
УТОНЧИТЬ	148396-V
УТОНЧИТЬ	131622-V
УТОНЧИТЬ	113766-V
УТОНЧИТЬ	154747-V
УТОНЧИТЬ	117480-V
УТОНЧИТЬ	122242-V
ФЛУОРЕСЦИРОВАТЬ	116311-V
ФЛУОРЕСЦИРОВАТЬ	116236-V
ФЛУОРЕСЦИРОВАТЬ	111854-V
ФЛУОРЕСЦИРОВАТЬ	110831-V
ФЛУОРЕСЦИРОВАТЬ	129753-V
ФЛУОРЕСЦИРОВАТЬ	110751-V
ФЛУОРЕСЦИРОВАТЬ	149224-V
ФЛУОРЕСЦИРОВАТЬ	112731-V
ФЛУОРЕСЦИРОВАТЬ	143243-V
ФЛУОРЕСЦИРОВАТЬ	2938-V
ХЛОРИРОВАТЬ	114107-V
ХЛОРИРОВАТЬ	151366-V
ХЛОРИРОВАТЬ	6444-V
ХЛОРИРОВАТЬ	114590-V
ХЛОРИРОВАТЬ	120324-V
ХЛОРИРОВАТЬ	120293-V
ХЛОРИРОВАТЬ	117151-V
ХЛОРИРОВАТЬ	111112-V
ХЛОРИРОВАТЬ	110479-V
ХЛОРИРОВАТЬ	118449-V
ХРИСТОСОВАТЬСЯ	141743-V
ХРИСТОСОВАТЬСЯ	140556-V
ХРИСТОСОВАТЬСЯ	134426-V
ХРИСТОСОВАТЬСЯ	118072-V
ХРИСТОСОВАТЬСЯ	120241-V
ХРИСТОСОВАТЬСЯ	131985-V
ХРИСТОСОВАТЬСЯ	106883-V
ХРИСТОСОВАТЬСЯ	4102-V
ХРИСТОСОВАТЬСЯ	116101-V
ХРИСТОСОВАТЬСЯ	137365-V
ЦИВИЛИЗОВАТЬ	133932-V
ЦИВИЛИЗОВАТЬ	115313-V
ЦИВИЛИЗОВАТЬ	120462-V
ЦИВИЛИЗОВАТЬ	120041-V
ЦИВИЛИЗОВАТЬ	106484-V
ЦИВИЛИЗОВАТЬ	123468-V
ЦИВИЛИЗОВАТЬ	137943-V
ЦИВИЛИЗОВАТЬ	116543-V
ЦИВИЛИЗОВАТЬ	141249-V
ЦИВИЛИЗОВАТЬ	152320-V
ЧАВКАТЬ	151493-V
ЧАВКАТЬ	120829-V
ЧАВКАТЬ	118119-V
ЧАВКАТЬ	122204-V
ЧАВКАТЬ	142744-V
ЧАВКАТЬ	140335-V
ЧАВКАТЬ	2527-V
ЧАВКАТЬ	149518-V
ЧАВКАТЬ	116587-V
ЧАВКАТЬ	140663-V
ЧЕРТЫХАТЬСЯ	2659-V
ЧЕРТЫХАТЬСЯ	110416-V
ЧЕРТЫХАТЬСЯ	106809-V
ЧЕРТЫХАТЬСЯ	116578-V
ЧЕРТЫХАТЬСЯ	129087-V
ЧЕРТЫХАТЬСЯ	121314-V
ЧЕРТЫХАТЬСЯ	142572-V
ЧЕРТЫХАТЬСЯ	114423-V
ЧЕРТЫХАТЬСЯ	116476-V
ЧЕРТЫХАТЬСЯ	123574-V
ЧОКАТЬСЯ	7094-V
ЧОКАТЬСЯ	828-V
ЧОКАТЬСЯ	141697-V
ЧОКАТЬСЯ	113291-V
ЧОКАТЬСЯ	129176-V
ЧОКАТЬСЯ	110996-V
ЧОКАТЬСЯ	116766-V
ЧОКАТЬСЯ	151721-V
ЧОКАТЬСЯ	133636-V
ЧОКАТЬСЯ	116649-V
ШТОПАТЬ	107308-V
ШТОПАТЬ	137297-V
ШТОПАТЬ	112027-V
ШТОПАТЬ	123574-V
ШТОПАТЬ	124123-V
ШТОПАТЬ	110782-V
ШТОПАТЬ	110719-V
ШТОПАТЬ	123467-V
ШТОПАТЬ	133333-V
ШТОПАТЬ	116917-V
